,0
0,0.0
1,-0.09259259259259259
2,-0.09259259259259259
3,-0.09259259259259259
4,-0.09259259259259259
5,-0.09259259259259259
6,-0.09259259259259259
7,-0.09259259259259259
8,-0.09259259259259259
9,-0.09259259259259259
10,-0.09259259259259259
11,-0.09259259259259259
12,-0.09259259259259259
13,-0.09259259259259259
14,-0.09259259259259259
15,0.0
16,0.0
17,0.0
18,0.0
19,0.0
20,0.0
21,0.0
22,0.0
23,0.0
24,0.0
25,0.0
26,0.0
27,0.0
28,0.0
29,0.0
30,0.0
31,0.0
32,0.0
33,0.0
34,0.0
35,0.0
36,0.0
37,0.0
38,0.0
39,0.0
40,0.0
41,0.0
42,0.0
43,0.0
44,0.0
45,0.0
46,0.0
47,0.0
48,0.0
49,0.0
50,0.0
51,0.0
52,0.0
53,0.0
54,0.0
55,0.0
56,0.0
57,0.0
58,0.0
59,0.0
60,0.0
61,0.0
62,0.0
63,0.0
64,0.0
65,0.0
66,0.0
67,0.0
68,0.0
69,0.0
70,0.0
71,0.0
72,0.0
73,0.0
74,0.0
75,0.0
76,0.0
77,0.0
78,0.0
79,0.0
80,0.0
81,0.0
82,0.0
83,0.0
84,0.0
85,0.0
86,0.0
87,0.0
88,0.0
89,0.0
90,0.0
91,0.0
92,0.0
93,0.0
94,0.0
95,0.0
96,0.0
97,0.0
98,0.0
99,0.0
100,0.0
101,0.0
102,0.0
103,0.0
104,0.0
105,0.0
106,0.0
107,0.0
108,0.0
109,0.0
110,-0.09259259259259259
111,0.0
112,0.0
113,-0.09259259259259259
114,0.0
115,-0.09259259259259259
116,-0.09259259259259259
117,-0.09259259259259259
118,0.0
119,0.0
120,-0.09259259259259259
121,0.0
122,-0.09259259259259259
123,0.0
124,0.0
125,0.0
126,-0.09259259259259259
127,-0.09259259259259259
128,0.0
129,-0.09259259259259259
130,0.0
131,0.0
132,0.0
133,-0.09259259259259259
134,0.0
135,0.0
136,0.0
137,0.0
138,0.0
139,1.3877787807814457e-17
140,0.0
141,0.0
142,0.0
143,0.0
144,0.0
145,0.0
146,0.0
147,0.0
148,0.0
149,0.0
150,0.0
151,0.0
152,0.0
153,0.0
154,0.0
155,-0.09259259259259259
156,-0.09259259259259259
157,0.0
158,0.0
159,-0.09259259259259259
160,-0.09259259259259259
161,-0.09259259259259259
162,-0.09259259259259259
163,0.0
164,-0.09259259259259259
165,-0.09259259259259259
166,0.0
167,-0.09259259259259259
168,0.0
169,-0.09259259259259259
170,-0.09259259259259259
171,-0.09259259259259259
172,-0.09259259259259259
173,-0.09259259259259259
174,0.0
175,0.0
176,-0.09259259259259259
177,0.0
178,-0.09259259259259259
179,0.0
180,0.0
181,-0.09259259259259259
182,-0.09259259259259259
183,-0.09259259259259259
184,-0.09259259259259259
185,0.0
186,0.0
187,-0.09259259259259259
188,-0.09259259259259259
189,0.0
190,0.0
191,-0.09259259259259259
192,-0.09259259259259259
193,-0.09259259259259259
194,-0.09259259259259259
195,-0.09259259259259259
196,0.0
197,-0.09259259259259259
198,0.0
199,-0.09259259259259259
200,0.0
201,0.0
202,0.0
203,-0.09259259259259259
204,-0.09259259259259259
205,-0.09259259259259259
206,-0.09259259259259259
207,0.0
208,0.0
209,-0.09259259259259259
210,0.0
211,0.0
212,0.0
213,0.0
214,0.0
215,0.0
216,0.0
217,0.0
218,0.0
219,-0.09259259259259259
220,0.0
221,-0.09259259259259259
222,0.0
223,-0.09259259259259259
224,0.0
225,-0.09259259259259259
226,0.0
227,0.0
228,0.0
229,0.0
230,0.0
231,0.0
232,0.0
233,0.0
234,0.0
235,0.0
236,0.0
237,0.0
238,0.0
239,0.0
240,0.0
241,0.0
242,0.0
243,0.0
244,0.0
245,0.0
246,0.0
247,6.938893903907228e-18
248,0.0
249,4.163336342344337e-17
250,0.0
251,0.0
252,0.0
253,0.0
254,0.0
255,0.0
256,0.0
257,0.0
258,0.0
259,0.0
260,-0.09259259259259259
261,-0.09259259259259259
262,-0.09259259259259259
263,-0.09259259259259259
264,-0.09259259259259259
265,-0.09259259259259259
266,0.0
267,-0.09259259259259259
268,-0.09259259259259259
269,-0.09259259259259259
270,-0.09259259259259259
271,-0.09259259259259259
272,-0.09259259259259259
273,-0.09259259259259259
274,-0.09259259259259259
275,-0.09259259259259259
276,-0.09259259259259259
277,-0.09259259259259259
278,-0.09259259259259259
279,-0.09259259259259259
280,-0.09259259259259259
281,-0.09259259259259259
282,-0.09259259259259259
283,-0.09259259259259259
284,-0.09259259259259259
285,-0.09259259259259259
286,0.0
287,0.0
288,-0.09259259259259259
289,0.0
290,0.0
291,-0.09259259259259259
292,-0.09259259259259259
293,-0.09259259259259259
294,-0.09259259259259259
295,-0.09259259259259259
296,0.0
297,-0.09259259259259259
298,0.0
299,-0.09259259259259259
300,0.0
301,0.0
302,0.0
303,-0.09259259259259259
304,0.0
305,0.0
306,0.0
307,0.0
308,0.0
309,0.0
310,0.0
311,0.0
312,0.0
313,-0.09259259259259259
314,-0.09259259259259259
315,-0.09259259259259259
316,-0.09259259259259259
317,-0.09259259259259259
318,-0.09259259259259259
319,-0.09259259259259259
320,-0.09259259259259259
321,0.0
322,0.0
323,0.0
324,-0.09259259259259259
325,-0.09259259259259259
326,0.0
327,-0.09259259259259259
328,0.0
329,-0.09259259259259259
330,-0.09259259259259259
331,0.0
332,0.0
333,0.0
334,0.0
335,0.0
336,-0.09259259259259259
337,-0.09259259259259259
338,-0.09259259259259259
339,0.0
340,-0.09259259259259259
341,0.0
342,0.0
343,0.0
344,0.0
345,0.0
346,-0.09259259259259259
347,-0.09259259259259259
348,0.0
349,-0.09259259259259259
350,0.0
351,0.0
352,0.0
353,-0.09259259259259259
354,0.0
355,0.0
356,0.0
357,0.0
358,-0.09259259259259259
359,0.0
360,-0.09259259259259259
361,0.0
362,-0.09259259259259259
363,-0.09259259259259259
364,0.0
365,0.0
366,0.0
367,0.0
368,0.0
369,0.0
370,-0.09259259259259259
371,0.0
372,0.0
373,-0.09259259259259259
374,-0.09259259259259259
375,0.0
376,0.0
377,0.0
378,0.0
379,0.0
380,0.0
381,0.0
382,-0.09259259259259259
383,-0.09259259259259259
384,-0.09259259259259259
385,-0.09259259259259259
386,0.0
387,0.0
388,0.0
389,0.0
390,0.0
391,0.0
392,0.0
393,0.0
394,0.0
395,-0.09259259259259259
396,-0.09259259259259259
397,0.0
398,0.0
399,0.0
400,0.0
401,0.0
402,0.0
403,0.0
404,0.0
405,0.0
406,-0.09259259259259259
407,-0.09259259259259259
408,-0.09259259259259259
409,0.0
410,0.0
411,0.0
412,0.0
413,0.0
414,0.0
415,0.0
416,0.0
417,-0.09259259259259259
418,-0.09259259259259259
419,0.0
420,0.0
421,0.0
422,0.0
423,0.0
424,0.0
425,0.0
426,0.0
427,0.0
428,0.0
429,-0.09259259259259259
430,0.0
431,0.0
432,0.0
433,0.0
434,0.0
435,0.0
436,0.0
437,0.0
438,0.0
439,-0.09259259259259259
440,-0.09259259259259259
441,0.0
442,0.0
443,0.0
444,0.0
445,0.0
446,0.0
447,0.0
448,0.0
449,0.0
450,-0.09259259259259259
451,-0.09259259259259259
452,-0.09259259259259259
453,0.0
454,0.0
455,0.0
456,0.0
457,0.0
458,0.0
459,0.0
460,0.0
461,0.0
462,-0.09259259259259259
463,0.0
464,0.0
465,0.0
466,0.0
467,0.0
468,0.0
469,0.0
470,0.0
471,0.0
472,-0.09259259259259259
473,-0.09259259259259259
474,-0.09259259259259259
475,0.0
476,0.0
477,0.0
478,0.0
479,0.0
480,0.0
481,0.0
482,0.0
483,-0.09259259259259259
484,0.0
485,0.0
486,0.0
487,0.0
488,0.0
489,0.0
490,0.0
491,0.0
492,0.0
493,0.0
494,0.0
495,0.0
496,0.0
497,0.0
498,0.0
499,0.0
500,0.0
501,0.0
502,0.0
503,0.0
504,0.0
505,0.0
506,0.0
507,0.0
508,0.0
509,0.0
510,0.0
511,0.0
512,4.163336342344337e-17
513,0.0
514,0.0
515,1.3877787807814457e-17
516,0.0
517,0.0
518,0.0
519,0.0
520,0.0
521,0.0
522,0.0
523,0.0
524,0.0
525,0.0
526,0.0
527,-0.09259259259259259
528,-0.09259259259259259
529,-0.09259259259259259
530,-0.09259259259259259
531,-0.09259259259259259
532,-0.09259259259259259
533,-0.09259259259259259
534,0.0
535,-0.09259259259259259
536,-0.09259259259259259
537,0.0
538,-0.09259259259259259
539,-0.09259259259259259
540,-0.09259259259259259
541,-0.09259259259259259
542,-0.09259259259259259
543,-0.09259259259259259
544,-0.09259259259259259
545,-0.09259259259259259
546,0.0
547,-0.09259259259259259
548,0.0
549,-0.09259259259259259
550,-0.09259259259259259
551,-0.09259259259259259
552,-0.09259259259259259
553,-0.09259259259259259
554,-0.09259259259259259
555,0.0
556,0.0
557,0.0
558,-0.09259259259259259
559,0.0
560,-0.09259259259259259
561,-0.09259259259259259
562,-0.09259259259259259
563,-0.09259259259259259
564,-0.09259259259259259
565,0.0
566,0.0
567,0.0
568,0.0
569,0.0
570,0.0
571,-0.09259259259259259
572,-0.09259259259259259
573,-0.09259259259259259
574,-0.09259259259259259
575,-0.09259259259259259
576,0.0
577,0.0
578,0.0
579,0.0
580,0.0
581,0.0
582,-0.09259259259259259
583,-0.09259259259259259
584,0.0
585,0.0
586,0.0
587,0.0
588,0.0
589,0.0
590,0.0
591,0.0
592,0.0
593,0.0
594,-0.09259259259259259
595,-0.09259259259259259
596,0.0
597,0.0
598,0.0
599,0.0
600,0.0
601,0.0
602,0.0
603,0.0
604,-0.09259259259259259
605,-0.09259259259259259
606,-0.09259259259259259
607,-0.09259259259259259
608,-0.09259259259259259
609,0.0
610,0.0
611,0.0
612,0.0
613,-0.09259259259259259
614,0.0
615,0.0
616,0.0
617,0.0
618,0.0
619,0.0
620,0.0
621,0.0
622,0.0
623,0.0
624,0.0
625,0.0
626,0.0
627,0.0
628,0.0
629,0.0
630,0.0
631,-0.09259259259259259
632,0.0
633,0.0
634,0.0
635,0.0
636,0.0
637,0.0
638,0.0
639,0.0
640,0.0
641,0.0
642,0.0
643,0.0
644,0.0
645,0.0
646,0.0
647,0.0
648,0.0
649,0.0
650,0.0
651,0.0
652,0.0
653,0.0
654,0.0
655,0.0
656,0.0
657,0.0
658,0.0
659,0.0
660,0.0
661,0.0
662,0.0
663,0.0
664,0.0
665,0.0
666,0.0
667,0.0
668,0.0
669,0.0
670,0.0
671,0.0
672,0.0
673,0.0
674,0.0
675,0.0
676,0.0
677,0.0
678,0.0
679,0.0
680,0.0
681,0.0
682,-0.09259259259259259
683,-0.09259259259259259
684,0.0
685,0.0
686,0.0
687,0.0
688,0.0
689,0.0
690,0.0
691,0.0
692,0.0
693,4.163336342344337e-17
694,0.0
695,0.0
696,0.0
697,0.0
698,0.0
699,0.0
700,0.0
701,0.0
702,-0.09259259259259259
703,-0.09259259259259259
704,0.0
705,-0.09259259259259259
706,-0.09259259259259259
707,-0.09259259259259259
708,0.0
709,-0.09259259259259259
710,-0.09259259259259259
711,0.0
712,-0.09259259259259259
713,-0.09259259259259259
714,-0.09259259259259259
715,-0.09259259259259259
716,-0.09259259259259259
717,-0.09259259259259259
718,0.0
719,0.0
720,0.0
721,4.163336342344337e-17
722,0.0
723,0.0
724,0.0
725,0.0
726,0.0
727,-0.09259259259259259
728,0.0
729,-0.09259259259259259
730,-0.09259259259259259
731,0.0
732,0.0
733,0.0
734,0.0
735,0.0
736,0.0
737,0.0
738,-0.09259259259259259
739,-0.09259259259259259
740,-0.09259259259259259
741,-0.09259259259259259
742,-0.09259259259259259
743,0.0
744,1.3877787807814457e-17
745,0.0
746,6.938893903907228e-18
747,0.0
748,0.0
749,0.0
750,0.0
751,0.0
752,-0.09259259259259259
753,0.0
754,0.0
755,0.0
756,0.0
757,0.0
758,0.0
759,0.0
760,0.0
761,0.0
762,0.0
763,-0.09259259259259259
764,0.0
765,-0.09259259259259259
766,-0.09259259259259259
767,-0.09259259259259259
768,-0.09259259259259259
769,0.0
770,0.0
771,0.0
772,-0.09259259259259259
773,-0.09259259259259259
774,-0.09259259259259259
775,-0.09259259259259259
776,-0.09259259259259259
777,-0.09259259259259259
778,-0.09259259259259259
779,-0.09259259259259259
780,-0.09259259259259259
781,-0.09259259259259259
782,-0.09259259259259259
783,-0.09259259259259259
784,-0.09259259259259259
785,-0.09259259259259259
786,-0.09259259259259259
787,-0.09259259259259259
788,-0.09259259259259259
789,-0.09259259259259259
790,-0.09259259259259259
791,-0.09259259259259259
792,-0.09259259259259259
793,-0.09259259259259259
794,0.0
795,0.0
796,0.0
797,0.0
798,0.0
799,0.0
800,0.0
801,6.938893903907228e-18
802,0.0
803,0.0
804,0.0
805,0.0
806,0.0
807,0.0
808,0.0
809,-0.09259259259259259
810,-0.09259259259259259
811,-0.09259259259259259
812,-0.09259259259259259
813,-0.09259259259259259
814,-0.09259259259259259
815,-0.09259259259259259
816,-0.09259259259259259
817,-0.09259259259259259
818,-0.09259259259259259
819,-0.09259259259259259
820,-0.09259259259259259
821,-0.09259259259259259
822,-0.09259259259259259
823,-0.09259259259259259
824,-0.09259259259259259
825,-0.09259259259259259
826,-0.09259259259259259
827,-0.09259259259259259
828,-0.09259259259259259
829,-0.09259259259259259
830,-0.09259259259259259
831,-0.09259259259259259
832,-0.09259259259259259
833,-0.09259259259259259
834,-0.09259259259259259
835,-0.09259259259259259
836,-0.09259259259259259
837,-0.09259259259259259
838,0.0
839,1.3877787807814457e-17
840,0.0
841,0.0
842,0.0
843,0.0
844,0.0
845,0.0
846,0.0
847,0.0
848,-0.09259259259259259
849,-0.09259259259259259
850,-0.09259259259259259
851,0.0
852,-0.09259259259259259
853,-0.09259259259259259
854,-0.09259259259259259
855,0.0
856,0.0
857,-0.09259259259259259
858,-0.09259259259259259
859,-0.09259259259259259
860,-0.09259259259259259
861,-0.09259259259259259
862,-0.09259259259259259
863,-0.09259259259259259
864,-0.09259259259259259
865,-0.09259259259259259
866,-0.09259259259259259
867,-0.09259259259259259
868,-0.09259259259259259
869,-0.09259259259259259
870,-0.09259259259259259
871,-0.09259259259259259
872,-0.09259259259259259
873,-0.09259259259259259
874,-0.09259259259259259
875,-0.09259259259259259
876,-0.09259259259259259
877,-0.09259259259259259
878,-0.09259259259259259
879,-0.09259259259259259
880,-0.09259259259259259
881,-0.09259259259259259
882,-0.09259259259259259
883,-0.09259259259259259
884,-0.09259259259259259
885,-0.09259259259259259
886,-0.09259259259259259
887,-0.09259259259259259
888,-0.09259259259259259
889,-0.09259259259259259
890,-0.09259259259259259
891,-0.09259259259259259
892,-0.09259259259259259
893,-0.09259259259259259
894,-0.09259259259259259
895,-0.09259259259259259
896,-0.09259259259259259
897,-0.09259259259259259
898,-0.09259259259259259
899,-0.09259259259259259
900,-0.09259259259259259
901,-0.09259259259259259
902,-0.09259259259259259
903,-0.09259259259259259
904,-0.09259259259259259
905,-0.09259259259259259
906,-0.09259259259259259
907,-0.09259259259259259
908,-0.09259259259259259
909,-0.09259259259259259
910,-0.09259259259259259
911,0.0
912,-0.09259259259259259
913,0.0
914,0.0
915,0.0
916,-0.09259259259259259
917,-0.09259259259259259
918,-0.09259259259259259
919,-0.09259259259259259
920,-0.09259259259259259
921,-0.09259259259259259
922,0.0
923,-0.09259259259259259
924,0.0
925,-0.09259259259259259
926,0.0
927,0.0
928,-0.09259259259259259
929,-0.09259259259259259
930,-0.09259259259259259
931,-0.09259259259259259
932,-0.09259259259259259
933,-0.09259259259259259
934,0.0
935,-0.09259259259259259
936,0.0
937,0.0
938,0.0
939,0.0
940,-0.09259259259259259
941,-0.09259259259259259
942,-0.09259259259259259
943,-0.09259259259259259
944,-0.09259259259259259
945,-0.09259259259259259
946,0.0
947,0.0
948,0.0
949,0.0
950,0.0
951,0.0
952,0.0
953,0.0
954,-0.09259259259259259
955,-0.09259259259259259
956,-0.09259259259259259
957,0.0
958,0.0
959,-0.09259259259259259
960,0.0
961,-0.09259259259259259
962,0.0
963,0.0
964,-0.09259259259259259
965,-0.09259259259259259
966,-0.09259259259259259
967,-0.09259259259259259
968,-0.09259259259259259
969,-0.09259259259259259
970,0.0
971,0.0
972,-0.09259259259259259
973,0.0
974,0.0
975,-0.09259259259259259
976,-0.09259259259259259
977,-0.09259259259259259
978,-0.09259259259259259
979,-0.09259259259259259
980,-0.09259259259259259
981,-0.09259259259259259
982,0.0
983,-0.09259259259259259
984,0.0
985,0.0
986,0.0
987,0.0
988,-0.09259259259259259
989,-0.09259259259259259
990,-0.09259259259259259
991,-0.09259259259259259
992,-0.09259259259259259
993,-0.09259259259259259
994,-0.09259259259259259
995,-0.09259259259259259
996,0.0
997,0.0
998,0.0
999,0.0
1000,-0.09259259259259259
1001,-0.09259259259259259
1002,-0.09259259259259259
1003,-0.09259259259259259
1004,-0.09259259259259259
1005,-0.09259259259259259
1006,-0.09259259259259259
1007,0.0
1008,0.0
1009,0.0
1010,0.0
1011,0.0
1012,0.0
1013,-0.09259259259259259
1014,-0.09259259259259259
1015,-0.09259259259259259
1016,-0.09259259259259259
1017,-0.09259259259259259
1018,-0.09259259259259259
1019,-0.09259259259259259
1020,0.0
1021,0.0
1022,0.0
1023,-0.09259259259259259
1024,-0.09259259259259259
1025,-0.09259259259259259
1026,-0.09259259259259259
1027,-0.09259259259259259
1028,0.0
1029,0.0
1030,0.0
1031,0.0
1032,0.0
1033,0.0
1034,0.0
1035,0.0
1036,-0.09259259259259259
1037,-0.09259259259259259
1038,-0.09259259259259259
1039,-0.09259259259259259
1040,-0.09259259259259259
1041,0.0
1042,0.0
1043,-0.09259259259259259
1044,0.0
1045,-0.09259259259259259
1046,0.0
1047,0.0
1048,-0.09259259259259259
1049,-0.09259259259259259
1050,-0.09259259259259259
1051,-0.09259259259259259
1052,-0.09259259259259259
1053,0.0
1054,0.0
1055,0.0
1056,0.0
1057,0.0
1058,0.0
1059,-0.09259259259259259
1060,-0.09259259259259259
1061,-0.09259259259259259
1062,-0.09259259259259259
1063,-0.09259259259259259
1064,-0.09259259259259259
1065,-0.09259259259259259
1066,0.0
1067,0.0
1068,0.0
1069,-0.09259259259259259
1070,0.0
1071,-0.09259259259259259
1072,-0.09259259259259259
1073,-0.09259259259259259
1074,-0.09259259259259259
1075,-0.09259259259259259
1076,-0.09259259259259259
1077,0.0
1078,0.0
1079,0.0
1080,-0.09259259259259259
1081,0.0
1082,0.0
1083,-0.09259259259259259
1084,-0.09259259259259259
1085,-0.09259259259259259
1086,-0.09259259259259259
1087,-0.09259259259259259
1088,-0.09259259259259259
1089,-0.09259259259259259
1090,0.0
1091,0.0
1092,0.0
1093,-0.09259259259259259
1094,0.0
1095,-0.09259259259259259
1096,-0.09259259259259259
1097,-0.09259259259259259
1098,-0.09259259259259259
1099,-0.09259259259259259
1100,-0.09259259259259259
1101,-0.09259259259259259
1102,0.0
1103,0.0
1104,0.0
1105,0.0
1106,0.0
1107,0.0
1108,-0.09259259259259259
1109,-0.09259259259259259
1110,-0.09259259259259259
1111,-0.09259259259259259
1112,0.0
1113,-0.09259259259259259
1114,0.0
1115,0.0
1116,-0.09259259259259259
1117,0.0
1118,-0.09259259259259259
1119,0.0
1120,-0.09259259259259259
1121,-0.09259259259259259
1122,-0.09259259259259259
1123,0.0
1124,0.0
1125,0.0
1126,0.0
1127,0.0
1128,-0.09259259259259259
1129,0.0
1130,0.0
1131,0.0
1132,0.0
1133,0.0
1134,0.0
1135,0.0
1136,0.0
1137,0.0
1138,0.0
1139,0.0
1140,0.0
1141,0.0
1142,0.0
1143,0.0
1144,0.0
1145,0.0
1146,0.0
1147,0.0
1148,0.0
1149,0.0
1150,0.0
1151,0.0
1152,0.0
1153,0.0
1154,0.0
1155,0.0
1156,0.0
1157,0.0
1158,-0.09259259259259259
1159,-0.09259259259259259
1160,-0.09259259259259259
1161,-0.09259259259259259
1162,0.0
1163,-0.09259259259259259
1164,0.0
1165,0.0
1166,0.0
1167,0.0
1168,0.0
1169,-0.09259259259259259
1170,-0.09259259259259259
1171,-0.09259259259259259
1172,-0.09259259259259259
1173,-0.09259259259259259
1174,0.0
1175,0.0
1176,0.0
1177,0.0
1178,0.0
1179,6.938893903907228e-18
1180,0.0
1181,0.0
1182,0.0
1183,0.0
1184,0.0
1185,0.0
1186,0.0
1187,0.0
1188,0.0
1189,-0.09259259259259259
1190,-0.09259259259259259
1191,0.0
1192,-0.09259259259259259
1193,-0.09259259259259259
1194,-0.09259259259259259
1195,0.0
1196,0.0
1197,-0.09259259259259259
1198,-0.09259259259259259
1199,-0.09259259259259259
1200,-0.09259259259259259
1201,-0.09259259259259259
1202,-0.09259259259259259
1203,-0.09259259259259259
1204,-0.09259259259259259
1205,-0.09259259259259259
1206,-0.09259259259259259
1207,-0.09259259259259259
1208,-0.09259259259259259
1209,-0.09259259259259259
1210,-0.09259259259259259
1211,0.0
1212,0.0
1213,0.0
1214,0.0
1215,6.938893903907228e-18
1216,0.0
1217,0.0
1218,0.0
1219,0.0
1220,0.0
1221,0.0
1222,0.0
1223,0.0
1224,-0.09259259259259259
1225,0.0
1226,0.0
1227,0.0
1228,0.0
1229,0.0
1230,0.0
1231,0.0
1232,0.0
1233,0.0
1234,0.0
1235,0.0
1236,0.0
1237,0.0
1238,0.0
1239,0.0
1240,0.0
1241,0.0
1242,-0.09259259259259259
1243,-0.09259259259259259
1244,0.0
1245,0.0
1246,-0.09259259259259259
1247,0.0
1248,0.0
1249,0.0
1250,0.0
1251,0.0
1252,0.0
1253,0.0
1254,0.0
1255,0.0
1256,0.0
1257,0.0
1258,0.0
1259,0.0
1260,0.0
1261,0.0
1262,0.0
1263,0.0
1264,-0.09259259259259259
1265,-0.09259259259259259
1266,-0.09259259259259259
1267,-0.09259259259259259
1268,-0.09259259259259259
1269,-0.09259259259259259
1270,-0.09259259259259259
1271,-0.09259259259259259
1272,-0.09259259259259259
1273,-0.09259259259259259
1274,0.0
1275,-0.09259259259259259
1276,-0.09259259259259259
1277,-0.09259259259259259
1278,-0.09259259259259259
1279,-0.09259259259259259
1280,0.0
1281,-0.09259259259259259
1282,0.0
1283,-0.09259259259259259
1284,-0.09259259259259259
1285,-0.09259259259259259
1286,-0.09259259259259259
1287,-0.09259259259259259
1288,-0.09259259259259259
1289,-0.09259259259259259
1290,-0.09259259259259259
1291,-0.09259259259259259
1292,-0.09259259259259259
1293,-0.09259259259259259
1294,-0.09259259259259259
1295,-0.09259259259259259
1296,0.0
1297,0.0
1298,0.0
1299,0.0
1300,0.0
1301,0.0
1302,0.0
1303,0.0
1304,0.0
1305,0.0
1306,0.0
1307,0.0
1308,0.0
1309,0.0
1310,0.0
1311,0.0
1312,0.0
1313,-0.09259259259259259
1314,-0.09259259259259259
1315,-0.09259259259259259
1316,-0.09259259259259259
1317,-0.09259259259259259
1318,0.0
1319,-0.09259259259259259
1320,-0.09259259259259259
1321,0.0
1322,0.0
1323,0.0
1324,-0.09259259259259259
1325,-0.09259259259259259
1326,-0.09259259259259259
1327,-0.09259259259259259
1328,-0.09259259259259259
1329,-0.09259259259259259
1330,-0.09259259259259259
1331,-0.09259259259259259
1332,-0.09259259259259259
1333,-0.09259259259259259
1334,0.0
1335,-0.09259259259259259
1336,-0.09259259259259259
1337,0.0
1338,-0.09259259259259259
1339,-0.09259259259259259
1340,-0.09259259259259259
1341,0.0
1342,0.0
1343,-0.09259259259259259
1344,-0.09259259259259259
1345,-0.09259259259259259
1346,0.0
1347,-0.09259259259259259
1348,-0.09259259259259259
1349,-0.09259259259259259
1350,-0.09259259259259259
1351,-0.09259259259259259
1352,-0.09259259259259259
1353,-0.09259259259259259
1354,-0.09259259259259259
1355,-0.09259259259259259
1356,-0.09259259259259259
1357,-0.09259259259259259
1358,-0.09259259259259259
1359,-0.09259259259259259
1360,-0.09259259259259259
1361,-0.09259259259259259
1362,-0.09259259259259259
1363,-0.09259259259259259
1364,-0.09259259259259259
1365,-0.09259259259259259
1366,-0.09259259259259259
1367,-0.09259259259259259
1368,-0.09259259259259259
1369,-0.09259259259259259
1370,-0.09259259259259259
1371,-0.09259259259259259
1372,-0.09259259259259259
1373,-0.09259259259259259
1374,-0.09259259259259259
1375,-0.09259259259259259
1376,-0.09259259259259259
1377,-0.09259259259259259
1378,-0.09259259259259259
1379,-0.09259259259259259
1380,-0.09259259259259259
1381,-0.09259259259259259
1382,-0.09259259259259259
1383,0.0
1384,-0.09259259259259259
1385,-0.09259259259259259
1386,-0.09259259259259259
1387,-0.09259259259259259
1388,-0.09259259259259259
1389,-0.09259259259259259
1390,-0.09259259259259259
1391,-0.09259259259259259
1392,-0.09259259259259259
1393,-0.09259259259259259
1394,-0.09259259259259259
1395,-0.09259259259259259
1396,-0.09259259259259259
1397,-0.09259259259259259
1398,-0.09259259259259259
1399,-0.09259259259259259
1400,0.0
1401,0.0
1402,-0.09259259259259259
1403,-0.09259259259259259
1404,-0.09259259259259259
1405,-0.09259259259259259
1406,-0.09259259259259259
1407,-0.09259259259259259
1408,-0.09259259259259259
1409,-0.09259259259259259
1410,0.0
1411,0.0
1412,0.0
1413,0.0
1414,0.0
1415,-0.09259259259259259
1416,-0.09259259259259259
1417,-0.09259259259259259
1418,-0.09259259259259259
1419,-0.09259259259259259
1420,-0.09259259259259259
1421,-0.09259259259259259
1422,-0.09259259259259259
1423,-0.09259259259259259
1424,-0.09259259259259259
1425,-0.09259259259259259
1426,-0.09259259259259259
1427,-0.09259259259259259
1428,-0.09259259259259259
1429,-0.09259259259259259
1430,-0.09259259259259259
1431,-0.09259259259259259
1432,-0.09259259259259259
1433,-0.09259259259259259
1434,-0.09259259259259259
1435,-0.09259259259259259
1436,-0.09259259259259259
1437,-0.09259259259259259
1438,-0.09259259259259259
1439,-0.09259259259259259
1440,-0.09259259259259259
1441,-0.09259259259259259
1442,-0.09259259259259259
1443,-0.09259259259259259
1444,-0.09259259259259259
1445,-0.09259259259259259
1446,-0.09259259259259259
1447,-0.09259259259259259
1448,-0.09259259259259259
1449,-0.09259259259259259
1450,-0.09259259259259259
1451,-0.09259259259259259
1452,-0.09259259259259259
1453,-0.09259259259259259
1454,-0.09259259259259259
1455,-0.09259259259259259
1456,-0.09259259259259259
1457,-0.09259259259259259
1458,-0.09259259259259259
1459,-0.09259259259259259
1460,-0.09259259259259259
1461,-0.09259259259259259
1462,-0.09259259259259259
1463,-0.09259259259259259
1464,-0.09259259259259259
1465,-0.09259259259259259
1466,-0.09259259259259259
1467,-0.09259259259259259
1468,-0.09259259259259259
1469,-0.09259259259259259
1470,-0.09259259259259259
1471,-0.09259259259259259
1472,-0.09259259259259259
1473,-0.09259259259259259
1474,-0.09259259259259259
1475,-0.09259259259259259
1476,-0.09259259259259259
1477,-0.09259259259259259
1478,-0.09259259259259259
1479,-0.09259259259259259
1480,-0.09259259259259259
1481,-0.09259259259259259
1482,0.0
1483,0.0
1484,0.0
1485,0.0
1486,4.163336342344337e-17
1487,0.0
1488,0.0
1489,-0.09259259259259259
1490,0.0
1491,0.0
1492,0.0
1493,0.0
1494,0.0
1495,0.0
1496,6.938893903907228e-18
1497,0.0
1498,0.0
1499,0.0
1500,-0.09259259259259259
1501,0.0
1502,0.0
1503,-0.09259259259259259
1504,-0.09259259259259259
1505,-0.09259259259259259
1506,-0.09259259259259259
1507,-0.09259259259259259
1508,-0.09259259259259259
1509,-0.09259259259259259
1510,-0.09259259259259259
1511,-0.09259259259259259
1512,-0.09259259259259259
1513,-0.09259259259259259
1514,-0.09259259259259259
1515,-0.09259259259259259
1516,-0.09259259259259259
1517,-0.09259259259259259
1518,-0.09259259259259259
1519,-0.09259259259259259
1520,-0.09259259259259259
1521,-0.09259259259259259
1522,-0.09259259259259259
1523,-0.09259259259259259
1524,-0.09259259259259259
1525,-0.09259259259259259
1526,-0.09259259259259259
1527,-0.09259259259259259
1528,-0.09259259259259259
1529,-0.09259259259259259
1530,-0.09259259259259259
1531,-0.09259259259259259
1532,-0.09259259259259259
1533,-0.09259259259259259
1534,-0.09259259259259259
1535,-0.09259259259259259
1536,-0.09259259259259259
1537,-0.09259259259259259
1538,-0.09259259259259259
1539,-0.09259259259259264
1540,-0.09259259259259259
1541,-0.09259259259259259
1542,-0.09259259259259259
1543,-0.09259259259259259
1544,-0.09259259259259259
1545,-0.09259259259259259
1546,-0.09259259259259259
1547,-0.09259259259259259
1548,-0.09259259259259259
1549,-0.09259259259259259
1550,-0.09259259259259259
1551,-0.09259259259259259
1552,-0.09259259259259259
1553,-0.09259259259259259
1554,-0.09259259259259259
1555,-0.09259259259259259
1556,-0.09259259259259259
1557,-0.09259259259259259
1558,-0.09259259259259259
1559,-0.09259259259259259
1560,0.0
1561,-0.09259259259259259
1562,-0.09259259259259259
1563,-0.09259259259259259
1564,-0.09259259259259259
1565,-0.09259259259259259
1566,-0.09259259259259259
1567,-0.09259259259259259
1568,-0.09259259259259259
1569,-0.09259259259259259
1570,0.0
1571,0.0
1572,-0.09259259259259259
1573,0.0
1574,0.0
1575,-0.09259259259259259
1576,0.0
1577,-0.09259259259259259
1578,-0.09259259259259259
1579,-0.09259259259259259
1580,-0.09259259259259259
1581,-0.09259259259259259
1582,-0.09259259259259259
1583,0.0
1584,0.0
1585,0.0
1586,0.0
1587,0.0
1588,0.0
1589,0.0
1590,0.0
1591,0.0
1592,0.0
1593,0.0
1594,0.0
1595,0.0
1596,-0.09259259259259259
1597,-0.09259259259259259
1598,-0.09259259259259259
1599,-0.09259259259259259
1600,-0.09259259259259259
1601,-0.09259259259259259
1602,-0.09259259259259259
1603,-0.09259259259259259
1604,-0.09259259259259259
1605,-0.09259259259259259
1606,0.0
1607,0.0
1608,0.0
1609,0.0
1610,0.0
1611,0.0
1612,0.0
1613,0.0
1614,0.0
1615,0.0
1616,0.0
1617,0.0
1618,0.0
1619,0.0
1620,-0.09259259259259259
1621,0.0
1622,0.0
1623,0.0
1624,0.0
1625,0.0
1626,0.0
1627,0.0
1628,0.0
1629,0.0
1630,-0.09259259259259259
1631,-0.09259259259259259
1632,-0.09259259259259259
1633,-0.09259259259259259
1634,-0.09259259259259259
1635,-0.09259259259259259
1636,-0.09259259259259259
1637,-0.09259259259259259
1638,-0.09259259259259259
1639,-0.09259259259259259
1640,-0.09259259259259259
1641,-0.09259259259259259
1642,-0.09259259259259259
1643,-0.09259259259259259
1644,0.0
1645,0.0
1646,-0.09259259259259259
1647,0.0
1648,-0.09259259259259259
1649,-0.09259259259259259
1650,-0.09259259259259259
1651,-0.09259259259259259
1652,-0.09259259259259259
1653,-0.09259259259259259
1654,-0.09259259259259259
1655,-0.09259259259259259
1656,-0.09259259259259259
1657,-0.09259259259259259
1658,-0.09259259259259259
1659,-0.09259259259259259
1660,-0.09259259259259259
1661,-0.09259259259259259
1662,-0.09259259259259259
1663,-0.09259259259259259
1664,-0.09259259259259259
1665,-0.09259259259259259
1666,-0.09259259259259259
1667,-0.09259259259259259
1668,-0.09259259259259259
1669,0.0
1670,0.0
1671,0.0
1672,0.0
1673,0.0
1674,0.0
1675,0.0
1676,0.0
1677,-0.09259259259259259
1678,0.0
1679,4.163336342344337e-17
1680,0.0
1681,0.0
1682,0.0
1683,0.0
1684,0.0
1685,0.0
1686,0.0
1687,0.0
1688,0.0
1689,0.0
1690,-0.09259259259259259
1691,-0.09259259259259259
1692,-0.09259259259259259
1693,-0.09259259259259259
1694,-0.09259259259259259
1695,-0.09259259259259259
1696,-0.09259259259259259
1697,-0.09259259259259259
1698,-0.09259259259259259
1699,-0.09259259259259259
1700,-0.09259259259259259
1701,-0.09259259259259259
1702,-0.09259259259259259
1703,-0.09259259259259259
1704,-0.09259259259259259
1705,-0.09259259259259259
1706,-0.09259259259259259
1707,-0.09259259259259259
1708,-0.09259259259259259
1709,-0.09259259259259259
1710,-0.09259259259259259
1711,-0.09259259259259259
1712,-0.09259259259259259
1713,-0.09259259259259259
1714,-0.09259259259259259
1715,-0.09259259259259259
1716,-0.09259259259259259
1717,0.0
1718,0.0
1719,0.0
1720,0.0
1721,0.0
1722,0.0
1723,0.0
1724,0.0
1725,-0.09259259259259259
1726,-0.09259259259259259
1727,-0.09259259259259259
1728,-0.09259259259259259
1729,-0.09259259259259259
1730,-0.09259259259259259
1731,-0.09259259259259259
1732,-0.09259259259259259
1733,-0.09259259259259259
1734,-0.09259259259259259
1735,-0.09259259259259259
1736,-0.09259259259259259
1737,-0.09259259259259259
1738,-0.09259259259259259
1739,-0.09259259259259259
1740,-0.09259259259259259
1741,-0.09259259259259259
1742,-0.09259259259259259
1743,-0.09259259259259259
1744,-0.09259259259259259
1745,-0.09259259259259259
1746,-0.09259259259259259
1747,-0.09259259259259259
1748,-0.09259259259259259
1749,-0.09259259259259259
1750,-0.09259259259259259
1751,-0.09259259259259259
1752,-0.09259259259259259
1753,-0.09259259259259259
1754,-0.09259259259259259
1755,-0.09259259259259259
1756,-0.09259259259259259
1757,0.0
1758,-0.09259259259259259
1759,0.0
1760,-0.09259259259259259
1761,-0.09259259259259259
1762,-0.09259259259259259
1763,-0.09259259259259259
1764,-0.09259259259259259
1765,-0.09259259259259259
1766,-0.09259259259259259
1767,-0.09259259259259259
1768,-0.09259259259259259
1769,-0.09259259259259259
1770,-0.09259259259259259
1771,-0.09259259259259259
1772,-0.09259259259259259
1773,-0.09259259259259259
1774,-0.09259259259259259
1775,0.0
1776,0.0
1777,0.0
1778,0.0
1779,0.0
1780,0.0
1781,0.0
1782,0.0
1783,0.0
1784,0.0
1785,0.0
1786,0.0
1787,0.0
1788,0.0
1789,0.0
1790,0.0
1791,0.0
1792,0.0
1793,0.0
1794,0.0
1795,0.0
1796,0.0
1797,0.0
1798,-0.09259259259259259
1799,-0.09259259259259259
1800,-0.09259259259259259
1801,0.0
1802,0.0
1803,0.0
1804,0.0
1805,0.0
1806,0.0
1807,0.0
1808,0.0
1809,0.0
1810,0.0
1811,0.0
1812,-0.09259259259259259
1813,-0.09259259259259259
1814,-0.09259259259259259
1815,-0.09259259259259259
1816,-0.09259259259259259
1817,-0.09259259259259259
1818,-0.09259259259259259
1819,-0.09259259259259259
1820,-0.09259259259259259
1821,-0.09259259259259259
1822,-0.09259259259259259
1823,-0.09259259259259259
1824,-0.09259259259259259
1825,-0.09259259259259259
1826,-0.09259259259259259
1827,-0.09259259259259259
1828,-0.09259259259259259
1829,-0.09259259259259259
1830,-0.09259259259259259
1831,-0.09259259259259259
1832,-0.09259259259259259
1833,-0.09259259259259259
1834,-0.09259259259259259
1835,-0.09259259259259259
1836,-0.09259259259259259
1837,-0.09259259259259259
1838,-0.09259259259259259
1839,-0.09259259259259259
1840,-0.09259259259259259
1841,0.0
1842,-0.09259259259259259
1843,-0.09259259259259259
1844,-0.09259259259259259
1845,-0.09259259259259259
1846,-0.09259259259259259
1847,-0.09259259259259259
1848,-0.09259259259259259
1849,-0.09259259259259259
1850,-0.09259259259259259
1851,-0.09259259259259259
1852,0.0
1853,0.0
1854,1.3877787807814457e-17
1855,0.0
1856,0.0
1857,0.0
1858,0.0
1859,0.0
1860,0.0
1861,0.0
1862,0.0
1863,0.0
1864,0.0
1865,0.0
1866,0.0
1867,0.0
1868,0.0
1869,0.0
1870,-0.09259259259259259
1871,-0.09259259259259259
1872,-0.09259259259259259
1873,-0.09259259259259259
1874,-0.09259259259259259
1875,-0.09259259259259259
1876,-0.09259259259259259
1877,-0.09259259259259259
1878,-0.09259259259259259
1879,-0.09259259259259259
1880,-0.09259259259259259
1881,-0.09259259259259259
1882,-0.09259259259259259
1883,-0.09259259259259259
1884,-0.09259259259259259
1885,-0.09259259259259259
1886,-0.09259259259259264
1887,-0.09259259259259259
1888,0.0
1889,0.0
1890,-0.09259259259259259
1891,0.0
1892,-0.09259259259259259
1893,-0.09259259259259259
1894,0.0
1895,0.0
1896,-0.09259259259259259
1897,-0.09259259259259259
1898,-0.09259259259259259
1899,-0.09259259259259259
1900,-0.09259259259259259
1901,-0.09259259259259259
1902,-0.09259259259259259
1903,-0.09259259259259259
1904,-0.09259259259259259
1905,-0.09259259259259259
1906,-0.09259259259259259
1907,0.0
1908,0.0
1909,0.0
1910,0.0
1911,0.0
1912,0.0
1913,0.0
1914,0.0
1915,0.0
1916,0.0
1917,0.0
1918,0.0
1919,0.0
1920,0.0
1921,0.0
1922,0.0
1923,0.0
1924,-0.09259259259259259
1925,-0.09259259259259259
1926,0.0
1927,0.0
1928,0.0
1929,0.0
1930,0.0
1931,-0.09259259259259259
1932,-0.09259259259259259
1933,-0.09259259259259259
1934,0.0
1935,0.0
1936,0.0
1937,0.0
1938,0.0
1939,0.0
1940,0.0
1941,0.0
1942,0.0
1943,-0.09259259259259259
1944,-0.09259259259259259
1945,-0.09259259259259259
1946,-0.09259259259259259
1947,-0.09259259259259259
1948,-0.09259259259259259
1949,0.0
1950,0.0
1951,0.0
1952,0.0
1953,0.0
1954,0.0
1955,0.0
1956,0.0
1957,0.0
1958,0.0
1959,0.0
1960,0.0
1961,6.938893903907228e-18
1962,0.0
1963,0.0
1964,0.0
1965,0.0
1966,0.0
1967,1.3877787807814457e-17
1968,0.0
1969,0.0
1970,0.0
1971,0.0
1972,0.0
1973,0.0
1974,0.0
1975,0.0
1976,0.0
1977,0.0
1978,0.0
1979,0.0
1980,0.0
1981,0.0
1982,-0.09259259259259259
1983,-0.09259259259259259
1984,-0.09259259259259259
1985,-0.09259259259259259
1986,0.0
1987,1.3877787807814457e-17
1988,0.0
1989,0.0
1990,0.0
1991,0.0
1992,0.0
1993,0.0
1994,0.0
1995,0.0
1996,0.0
1997,0.0
1998,0.0
1999,0.0
2000,0.0
2001,0.0
2002,0.0
2003,0.0
2004,0.0
2005,0.0
2006,0.0
2007,-0.09259259259259264
2008,-0.09259259259259259
2009,-0.09259259259259259
2010,0.0
2011,-0.09259259259259259
2012,0.0
2013,-0.09259259259259259
2014,-0.09259259259259259
2015,-0.09259259259259259
2016,-0.09259259259259259
2017,-0.09259259259259259
2018,-0.09259259259259259
2019,-0.09259259259259259
2020,-0.09259259259259259
2021,-0.09259259259259259
2022,-0.09259259259259259
2023,0.0
2024,-0.09259259259259259
2025,-0.09259259259259259
2026,-0.09259259259259259
2027,-0.09259259259259259
2028,-0.09259259259259259
2029,-0.09259259259259259
2030,-0.09259259259259259
2031,-0.09259259259259259
2032,-0.09259259259259259
2033,-0.09259259259259259
2034,-0.09259259259259259
2035,-0.09259259259259259
2036,-0.09259259259259259
2037,-0.09259259259259259
2038,-0.09259259259259259
2039,-0.09259259259259259
2040,-0.09259259259259259
2041,-0.09259259259259259
2042,-0.09259259259259259
2043,-0.09259259259259259
2044,-0.09259259259259259
2045,-0.09259259259259259
2046,-0.09259259259259259
2047,-0.09259259259259259
2048,-0.09259259259259259
2049,-0.09259259259259264
2050,-0.09259259259259259
2051,-0.09259259259259259
2052,-0.09259259259259259
2053,-0.09259259259259259
2054,-0.09259259259259259
2055,-0.09259259259259259
2056,-0.09259259259259259
2057,-0.09259259259259259
2058,-0.09259259259259259
2059,-0.09259259259259259
2060,-0.09259259259259259
2061,0.0
2062,-0.09259259259259259
2063,-0.09259259259259259
2064,-0.09259259259259259
2065,-0.09259259259259264
2066,-0.09259259259259259
2067,0.0
2068,0.0
2069,0.0
2070,0.0
2071,0.0
2072,0.0
2073,0.0
2074,1.3877787807814457e-17
2075,0.0
2076,0.0
2077,0.0
2078,0.0
2079,0.0
2080,0.0
2081,0.0
2082,0.0
2083,0.0
2084,0.0
2085,0.0
2086,-0.09259259259259259
2087,0.0
2088,0.0
2089,-0.09259259259259259
2090,0.0
2091,0.0
2092,0.0
2093,-0.09259259259259259
2094,-0.09259259259259259
2095,-0.09259259259259259
2096,-0.09259259259259259
2097,0.0
2098,-0.09259259259259259
2099,-0.09259259259259259
2100,-0.09259259259259259
2101,-0.09259259259259259
2102,0.0
2103,-0.09259259259259264
2104,-0.09259259259259259
2105,0.0
2106,1.3877787807814457e-17
2107,0.0
2108,0.0
2109,0.0
2110,0.0
2111,0.0
2112,0.0
2113,0.0
2114,0.0
2115,-0.09259259259259259
2116,-0.09259259259259259
2117,-0.09259259259259259
2118,-0.09259259259259259
2119,-0.09259259259259259
2120,-0.09259259259259259
2121,-0.09259259259259259
2122,-0.09259259259259259
2123,-0.09259259259259259
2124,0.0
2125,-0.09259259259259259
2126,-0.09259259259259259
2127,-0.09259259259259259
2128,-0.09259259259259259
2129,-0.09259259259259259
2130,-0.09259259259259259
2131,-0.09259259259259259
2132,0.0
2133,0.0
2134,0.0
2135,0.0
2136,0.0
2137,-0.09259259259259259
2138,0.0
2139,-0.09259259259259259
2140,-0.09259259259259259
2141,-0.09259259259259259
2142,-0.09259259259259259
2143,-0.09259259259259259
2144,-0.09259259259259259
2145,-0.09259259259259259
2146,-0.09259259259259259
2147,-0.09259259259259259
2148,-0.09259259259259259
2149,-0.09259259259259259
2150,-0.09259259259259259
2151,-0.09259259259259259
2152,-0.09259259259259259
2153,-0.09259259259259259
2154,-0.09259259259259259
2155,-0.09259259259259259
2156,-0.09259259259259259
2157,-0.09259259259259259
2158,-0.09259259259259259
2159,-0.09259259259259259
2160,-0.09259259259259259
2161,-0.09259259259259259
2162,-0.09259259259259259
2163,-0.09259259259259259
2164,-0.09259259259259259
2165,-0.09259259259259259
2166,-0.09259259259259259
2167,-0.09259259259259259
2168,-0.09259259259259259
2169,-0.09259259259259259
2170,-0.09259259259259259
2171,-0.09259259259259259
2172,-0.09259259259259259
2173,-0.09259259259259259
2174,-0.09259259259259259
2175,-0.09259259259259259
2176,-0.09259259259259259
2177,-0.09259259259259259
2178,-0.09259259259259259
2179,-0.09259259259259259
2180,-0.09259259259259259
2181,-0.09259259259259264
2182,-0.09259259259259259
2183,-0.09259259259259259
2184,-0.09259259259259259
2185,-0.09259259259259259
2186,-0.09259259259259259
2187,-0.09259259259259259
2188,-0.09259259259259259
2189,0.0
2190,0.0
2191,0.0
2192,0.0
2193,-0.09259259259259259
2194,-0.09259259259259259
2195,-0.09259259259259259
2196,0.0
2197,0.0
2198,0.0
2199,0.0
2200,0.0
2201,0.0
2202,0.0
2203,0.0
2204,0.0
2205,-0.09259259259259259
2206,-0.09259259259259259
2207,-0.09259259259259259
2208,-0.09259259259259259
2209,-0.09259259259259259
2210,-0.09259259259259259
2211,-0.09259259259259259
2212,-0.09259259259259259
2213,-0.09259259259259259
2214,-0.09259259259259259
2215,-0.09259259259259259
2216,-0.09259259259259259
2217,-0.09259259259259259
2218,-0.09259259259259259
2219,-0.09259259259259259
2220,0.0
2221,-0.09259259259259259
2222,-0.09259259259259259
2223,-0.09259259259259259
2224,-0.09259259259259259
2225,-0.09259259259259259
2226,-0.09259259259259259
2227,-0.09259259259259259
2228,-0.09259259259259259
2229,0.0
2230,-0.09259259259259259
2231,0.0
2232,0.0
2233,0.0
2234,0.0
2235,0.0
2236,0.0
2237,0.0
2238,0.0
2239,0.0
2240,0.0
2241,0.0
2242,-0.09259259259259259
2243,-0.09259259259259259
2244,-0.09259259259259259
2245,-0.09259259259259259
2246,-0.09259259259259259
2247,-0.09259259259259259
2248,-0.09259259259259259
2249,-0.09259259259259259
2250,-0.09259259259259259
2251,0.0
2252,-0.09259259259259259
2253,-0.09259259259259259
2254,-0.09259259259259259
2255,-0.09259259259259259
2256,-0.09259259259259259
2257,-0.09259259259259259
2258,0.0
2259,-0.09259259259259259
2260,0.0
2261,0.0
2262,0.0
2263,0.0
2264,0.0
2265,0.0
2266,0.0
2267,0.0
2268,0.0
2269,0.0
2270,0.0
2271,0.0
2272,0.0
2273,0.0
2274,0.0
2275,0.0
2276,0.0
2277,6.938893903907228e-18
2278,0.0
2279,0.0
2280,0.0
2281,0.0
2282,0.0
2283,0.0
2284,0.0
2285,0.0
2286,0.0
2287,0.0
2288,0.0
2289,0.0
2290,0.0
2291,0.0
2292,0.0
2293,0.0
2294,0.0
2295,0.0
2296,-0.09259259259259259
2297,0.0
2298,0.0
2299,0.0
2300,0.0
2301,-0.09259259259259259
2302,-0.09259259259259259
2303,0.0
2304,0.0
2305,-0.09259259259259259
2306,-0.09259259259259259
2307,-0.09259259259259259
2308,0.0
2309,0.0
2310,0.0
2311,0.0
2312,0.0
2313,0.0
2314,0.0
2315,0.0
2316,0.0
2317,0.0
2318,0.0
2319,0.0
2320,0.0
2321,0.0
2322,0.0
2323,0.0
2324,0.0
2325,0.0
2326,0.0
2327,0.0
2328,0.0
2329,0.0
2330,0.0
2331,0.0
2332,-0.09259259259259259
2333,-0.09259259259259259
2334,-0.09259259259259259
2335,-0.09259259259259259
2336,-0.09259259259259259
2337,-0.09259259259259259
2338,-0.09259259259259259
2339,-0.09259259259259259
2340,-0.09259259259259259
2341,-0.09259259259259259
2342,-0.09259259259259259
2343,-0.09259259259259259
2344,-0.09259259259259259
2345,-0.09259259259259259
2346,-0.09259259259259259
2347,0.0
2348,-0.09259259259259259
2349,0.0
2350,-0.09259259259259259
2351,-0.09259259259259259
2352,-0.09259259259259259
2353,-0.09259259259259259
2354,-0.09259259259259259
2355,0.0
2356,0.0
2357,0.0
2358,0.0
2359,0.0
2360,0.0
2361,0.0
2362,0.0
2363,0.0
2364,0.0
2365,0.0
2366,-0.09259259259259259
2367,-0.09259259259259259
2368,0.0
2369,-0.09259259259259259
2370,-0.09259259259259259
2371,-0.09259259259259259
2372,0.0
2373,0.0
2374,0.0
2375,0.0
2376,0.0
2377,-0.09259259259259259
2378,-0.09259259259259259
2379,-0.09259259259259259
2380,-0.09259259259259259
2381,0.0
2382,0.0
2383,0.0
2384,-0.09259259259259259
2385,-0.09259259259259259
2386,-0.09259259259259259
2387,-0.09259259259259259
2388,-0.09259259259259259
2389,-0.09259259259259259
2390,-0.09259259259259259
2391,-0.09259259259259259
2392,-0.09259259259259259
2393,0.0
2394,0.0
2395,0.0
2396,0.0
2397,0.0
2398,-0.09259259259259259
2399,0.0
2400,0.0
2401,0.0
2402,0.0
2403,0.0
2404,0.0
2405,-0.09259259259259259
2406,-0.09259259259259259
2407,-0.09259259259259259
2408,-0.09259259259259259
2409,0.0
2410,-0.09259259259259259
2411,0.0
2412,0.0
2413,0.0
2414,-0.09259259259259259
2415,-0.09259259259259259
2416,-0.09259259259259259
2417,-0.09259259259259259
2418,-0.09259259259259259
2419,-0.09259259259259259
2420,-0.09259259259259259
2421,-0.09259259259259259
2422,-0.09259259259259259
2423,-0.09259259259259259
2424,-0.09259259259259259
2425,-0.09259259259259259
2426,-0.09259259259259259
2427,0.0
2428,0.0
2429,-0.09259259259259259
2430,0.0
2431,0.0
2432,0.0
2433,0.0
2434,-0.09259259259259259
2435,-0.09259259259259259
2436,-0.09259259259259259
2437,-0.09259259259259259
2438,-0.09259259259259259
2439,-0.09259259259259259
2440,-0.09259259259259259
2441,-0.09259259259259259
2442,-0.09259259259259259
2443,-0.09259259259259259
2444,-0.09259259259259259
2445,-0.09259259259259259
2446,-0.09259259259259259
2447,-0.09259259259259259
2448,-0.09259259259259259
2449,-0.09259259259259259
2450,-0.09259259259259259
2451,-0.09259259259259259
2452,-0.09259259259259259
2453,-0.09259259259259259
2454,-0.09259259259259259
2455,0.0
2456,0.0
2457,0.0
2458,0.0
2459,0.0
2460,0.0
2461,0.0
2462,0.0
2463,0.0
2464,0.0
2465,0.0
2466,0.0
2467,0.0
2468,0.0
2469,0.0
2470,0.0
2471,0.0
2472,0.0
2473,0.0
2474,0.0
2475,0.0
2476,0.0
2477,0.0
2478,0.0
2479,-0.09259259259259259
2480,-0.09259259259259259
2481,-0.09259259259259259
2482,-0.09259259259259259
2483,-0.09259259259259259
2484,-0.09259259259259259
2485,-0.09259259259259259
2486,0.0
2487,0.0
2488,-0.09259259259259259
2489,0.0
2490,0.0
2491,0.0
2492,0.0
2493,0.0
2494,0.0
2495,0.0
2496,0.0
2497,0.0
2498,0.0
2499,0.0
2500,0.0
2501,0.0
2502,0.0
2503,0.0
2504,0.0
2505,0.0
2506,0.0
2507,0.0
2508,0.0
2509,0.0
2510,0.0
2511,0.0
2512,0.0
2513,0.0
2514,0.0
2515,0.0
2516,0.0
2517,-0.09259259259259259
2518,-0.09259259259259259
2519,-0.09259259259259259
2520,-0.09259259259259259
2521,-0.09259259259259259
2522,-0.09259259259259259
2523,-0.09259259259259259
2524,-0.09259259259259259
2525,-0.09259259259259259
2526,-0.09259259259259259
2527,-0.09259259259259259
2528,-0.09259259259259259
2529,-0.09259259259259259
2530,-0.09259259259259264
2531,-0.09259259259259259
2532,-0.09259259259259259
2533,-0.09259259259259259
2534,-0.09259259259259259
2535,-0.09259259259259259
2536,-0.09259259259259259
2537,-0.09259259259259259
2538,-0.09259259259259259
2539,-0.09259259259259259
2540,-0.09259259259259259
2541,-0.09259259259259259
2542,-0.09259259259259259
2543,-0.09259259259259259
2544,-0.09259259259259259
2545,-0.09259259259259259
2546,-0.09259259259259259
2547,-0.09259259259259259
2548,-0.09259259259259259
2549,-0.09259259259259259
2550,-0.09259259259259259
2551,-0.09259259259259259
2552,0.0
2553,0.0
2554,0.0
2555,0.0
2556,0.0
2557,0.0
2558,0.0
2559,0.0
2560,0.0
2561,0.0
2562,0.0
2563,0.0
2564,0.0
2565,0.0
2566,0.0
2567,0.0
2568,0.0
2569,0.0
2570,0.0
2571,-0.09259259259259259
2572,-0.09259259259259259
2573,-0.09259259259259259
2574,-0.09259259259259259
2575,-0.09259259259259259
2576,-0.09259259259259259
2577,-0.09259259259259259
2578,0.0
2579,0.0
2580,0.0
2581,0.0
2582,0.0
2583,0.0
2584,0.0
2585,0.0
2586,0.0
2587,0.0
2588,0.0
2589,0.0
2590,0.0
2591,0.0
2592,0.0
2593,0.0
2594,0.0
2595,-0.09259259259259259
2596,-0.09259259259259259
2597,-0.09259259259259259
2598,-0.09259259259259259
2599,-0.09259259259259259
2600,-0.09259259259259259
2601,-0.09259259259259264
2602,-0.09259259259259259
2603,-0.09259259259259259
2604,0.0
2605,-0.09259259259259259
2606,0.0
2607,-0.09259259259259259
2608,-0.09259259259259259
2609,-0.09259259259259264
2610,-0.09259259259259259
2611,-0.09259259259259259
2612,-0.09259259259259259
2613,-0.09259259259259259
2614,-0.09259259259259259
2615,-0.09259259259259259
2616,0.0
2617,0.0
2618,-0.09259259259259259
2619,-0.09259259259259259
2620,-0.09259259259259259
2621,-0.09259259259259259
2622,-0.09259259259259259
2623,-0.09259259259259259
2624,-0.09259259259259259
2625,-0.09259259259259259
2626,0.0
2627,-0.09259259259259259
2628,-0.09259259259259264
2629,0.0
2630,-0.09259259259259259
2631,-0.09259259259259259
2632,-0.09259259259259259
2633,-0.09259259259259259
2634,-0.09259259259259259
2635,-0.09259259259259259
2636,-0.09259259259259259
2637,-0.09259259259259259
2638,-0.09259259259259259
2639,-0.09259259259259259
2640,-0.09259259259259259
2641,-0.09259259259259259
2642,-0.09259259259259259
2643,-0.09259259259259264
2644,-0.09259259259259259
2645,-0.09259259259259259
2646,-0.09259259259259259
2647,0.0
2648,0.0
2649,0.0
2650,0.0
2651,0.0
2652,0.0
2653,-0.09259259259259259
2654,-0.09259259259259259
2655,-0.09259259259259259
2656,0.0
2657,0.0
2658,0.0
2659,0.0
2660,-0.09259259259259259
2661,-0.09259259259259259
2662,-0.09259259259259259
2663,-0.09259259259259259
2664,0.0
2665,1.3877787807814457e-17
2666,0.0
2667,0.0
2668,0.0
2669,0.0
2670,0.0
2671,-0.09259259259259259
2672,-0.09259259259259259
2673,-0.09259259259259259
2674,-0.09259259259259259
2675,-0.09259259259259259
2676,-0.09259259259259259
2677,0.0
2678,0.0
2679,-0.09259259259259259
2680,-0.09259259259259259
2681,-0.09259259259259259
2682,0.0
2683,0.0
2684,0.0
2685,0.0
2686,0.0
2687,-0.09259259259259259
2688,-0.09259259259259259
2689,-0.09259259259259259
2690,-0.09259259259259259
2691,-0.09259259259259259
2692,-0.09259259259259259
2693,-0.09259259259259259
2694,-0.09259259259259259
2695,-0.09259259259259259
2696,0.0
2697,0.0
2698,-0.09259259259259259
2699,0.0
2700,0.0
2701,0.0
2702,0.0
2703,0.0
2704,-0.09259259259259259
2705,-0.09259259259259259
2706,-0.09259259259259259
2707,0.0
2708,-0.09259259259259259
2709,0.0
2710,0.0
2711,0.0
2712,0.0
2713,0.0
2714,0.0
2715,0.0
2716,0.0
2717,0.0
2718,0.0
2719,0.0
2720,0.0
2721,0.0
2722,0.0
2723,-0.09259259259259259
2724,-0.09259259259259259
2725,0.0
2726,0.0
2727,0.0
2728,0.0
2729,0.0
2730,0.0
2731,0.0
2732,0.0
2733,-0.09259259259259259
2734,-0.09259259259259264
2735,-0.09259259259259259
2736,-0.09259259259259259
2737,-0.09259259259259259
2738,-0.09259259259259259
2739,0.0
2740,-0.09259259259259259
2741,0.0
2742,-0.09259259259259259
2743,-0.09259259259259259
2744,-0.09259259259259259
2745,-0.09259259259259259
2746,-0.09259259259259259
2747,-0.09259259259259264
2748,-0.09259259259259259
2749,-0.09259259259259259
2750,0.0
2751,0.0
2752,-0.09259259259259259
2753,0.0
2754,0.0
2755,0.0
2756,-0.09259259259259259
2757,-0.09259259259259259
2758,-0.09259259259259259
2759,-0.09259259259259259
2760,-0.09259259259259259
2761,-0.09259259259259259
2762,-0.09259259259259259
2763,0.0
2764,0.0
2765,0.0
2766,0.0
2767,-0.09259259259259259
2768,0.0
2769,-0.09259259259259259
2770,-0.09259259259259259
2771,-0.09259259259259259
2772,-0.09259259259259259
2773,-0.09259259259259259
2774,-0.09259259259259259
2775,0.0
2776,0.0
2777,0.0
2778,0.0
2779,0.0
2780,0.0
2781,0.0
2782,0.0
2783,-0.09259259259259259
2784,-0.09259259259259259
2785,-0.09259259259259259
2786,-0.09259259259259259
2787,0.0
2788,0.0
2789,0.0
2790,0.0
2791,0.0
2792,1.3877787807814457e-17
2793,0.0
2794,0.0
2795,0.0
2796,-0.09259259259259259
2797,-0.09259259259259259
2798,0.0
2799,0.0
2800,0.0
2801,0.0
2802,0.0
2803,0.0
2804,0.0
2805,0.0
2806,-0.09259259259259259
2807,-0.09259259259259264
2808,-0.09259259259259259
2809,-0.09259259259259259
2810,-0.09259259259259259
2811,-0.09259259259259259
2812,-0.09259259259259259
2813,-0.09259259259259259
2814,-0.09259259259259259
2815,-0.09259259259259259
2816,-0.09259259259259259
2817,-0.09259259259259259
2818,-0.09259259259259259
2819,-0.09259259259259259
2820,-0.09259259259259259
2821,-0.09259259259259264
2822,0.0
2823,-0.09259259259259259
2824,-0.09259259259259259
2825,0.0
2826,-0.09259259259259259
2827,-0.09259259259259259
2828,0.0
2829,0.0
2830,0.0
2831,-0.09259259259259259
2832,0.0
2833,0.0
2834,0.0
2835,0.0
2836,0.0
2837,0.0
2838,0.0
2839,0.0
2840,0.0
2841,0.0
2842,0.0
2843,0.0
2844,0.0
2845,0.0
2846,0.0
2847,0.0
2848,0.0
2849,6.938893903907228e-18
2850,0.0
2851,0.0
2852,0.0
2853,-0.09259259259259259
2854,-0.09259259259259259
2855,-0.09259259259259264
2856,-0.09259259259259259
2857,0.0
2858,-0.09259259259259259
2859,0.0
2860,0.0
2861,0.0
2862,0.0
2863,-0.09259259259259259
2864,0.0
2865,-0.09259259259259259
2866,0.0
2867,0.0
2868,-0.09259259259259259
2869,0.0
2870,0.0
2871,0.0
2872,0.0
2873,0.0
2874,0.0
2875,0.0
2876,0.0
2877,0.0
2878,0.0
2879,0.0
2880,0.0
2881,0.0
2882,1.3877787807814457e-17
2883,0.0
2884,0.0
2885,0.0
2886,0.0
2887,0.0
2888,0.0
2889,0.0
2890,0.0
2891,0.0
2892,6.938893903907228e-18
2893,0.0
2894,0.0
2895,0.0
2896,0.0
2897,0.0
2898,0.0
2899,0.0
2900,0.0
2901,0.0
2902,1.3877787807814457e-17
2903,0.0
2904,0.0
2905,0.0
2906,0.0
2907,0.0
2908,0.0
2909,0.0
2910,0.0
2911,0.0
2912,-0.09259259259259259
2913,-0.09259259259259259
2914,0.0
2915,0.0
2916,0.0
2917,0.0
2918,0.0
2919,0.0
2920,0.0
2921,0.0
2922,0.0
2923,-0.09259259259259259
2924,-0.09259259259259259
2925,-0.09259259259259259
2926,-0.09259259259259259
2927,0.0
2928,-0.09259259259259259
2929,0.0
2930,-0.09259259259259259
2931,-0.09259259259259259
2932,-0.09259259259259259
2933,-0.09259259259259259
2934,-0.09259259259259259
2935,-0.09259259259259259
2936,-0.09259259259259259
2937,-0.09259259259259259
2938,-0.09259259259259259
2939,-0.09259259259259259
2940,-0.09259259259259264
2941,-0.09259259259259259
2942,-0.09259259259259259
2943,-0.09259259259259259
2944,-0.09259259259259259
2945,-0.09259259259259259
2946,-0.09259259259259259
2947,-0.09259259259259259
2948,-0.09259259259259259
2949,-0.09259259259259259
2950,0.0
2951,6.938893903907228e-18
2952,0.0
2953,0.0
2954,0.0
2955,-0.09259259259259259
2956,-0.09259259259259259
2957,-0.09259259259259259
2958,-0.09259259259259259
2959,0.0
2960,0.0
2961,-0.09259259259259259
2962,0.0
2963,0.0
2964,0.0
2965,-0.09259259259259259
2966,0.0
2967,0.0
2968,0.0
2969,0.0
2970,0.0
2971,0.0
2972,0.0
2973,0.0
2974,0.0
2975,0.0
2976,0.0
2977,0.0
2978,0.0
2979,0.0
2980,0.0
2981,0.0
2982,0.0
2983,0.0
2984,0.0
2985,0.0
2986,0.0
2987,1.3877787807814457e-17
2988,0.0
2989,0.0
2990,0.0
2991,0.0
2992,0.0
2993,0.0
2994,0.0
2995,0.0
2996,0.0
2997,-0.09259259259259259
2998,-0.09259259259259259
2999,-0.09259259259259259
3000,-0.09259259259259259
3001,-0.09259259259259259
3002,-0.09259259259259259
3003,-0.09259259259259259
3004,-0.09259259259259259
3005,-0.09259259259259259
3006,-0.09259259259259264
3007,-0.09259259259259259
3008,0.0
3009,-0.09259259259259259
3010,-0.09259259259259259
3011,-0.09259259259259259
3012,-0.09259259259259259
3013,-0.09259259259259259
3014,0.0
3015,0.0
3016,0.0
3017,0.0
3018,0.0
3019,0.0
3020,0.0
3021,0.0
3022,0.0
3023,0.0
3024,0.0
3025,1.3877787807814457e-17
3026,0.0
3027,0.0
3028,0.0
3029,0.0
3030,0.0
3031,0.0
3032,0.0
3033,0.0
3034,0.0
3035,0.0
3036,0.0
3037,-0.09259259259259259
3038,-0.09259259259259259
3039,0.0
3040,0.0
3041,0.0
3042,-0.09259259259259259
3043,-0.09259259259259259
3044,-0.09259259259259259
3045,0.0
3046,-0.09259259259259259
3047,-0.09259259259259259
3048,0.0
3049,0.0
3050,-0.09259259259259259
3051,0.0
3052,0.0
3053,0.0
3054,-0.09259259259259259
3055,-0.09259259259259259
3056,-0.09259259259259259
3057,-0.09259259259259259
3058,-0.09259259259259259
3059,0.0
3060,-0.09259259259259259
3061,-0.09259259259259259
3062,-0.09259259259259259
3063,0.0
3064,0.0
3065,0.0
3066,0.0
3067,6.938893903907228e-18
3068,0.0
3069,0.0
3070,0.0
3071,0.0
3072,0.0
3073,0.0
3074,0.0
3075,0.0
3076,0.0
3077,0.0
3078,0.0
3079,6.938893903907228e-18
3080,0.0
3081,0.0
3082,0.0
3083,0.0
3084,0.0
3085,0.0
3086,0.0
3087,0.0
3088,0.0
3089,0.0
3090,0.0
3091,0.0
3092,0.0
3093,0.0
3094,0.0
3095,0.0
3096,0.0
3097,-0.09259259259259259
3098,-0.09259259259259264
3099,-0.09259259259259259
3100,-0.09259259259259259
3101,-0.09259259259259259
3102,-0.09259259259259259
3103,-0.09259259259259259
3104,-0.09259259259259259
3105,0.0
3106,-0.09259259259259259
3107,-0.09259259259259259
3108,0.0
3109,-0.09259259259259259
3110,-0.09259259259259264
3111,-0.09259259259259259
3112,-0.09259259259259259
3113,-0.09259259259259259
3114,-0.09259259259259259
3115,-0.09259259259259259
3116,-0.09259259259259259
3117,-0.09259259259259259
3118,-0.09259259259259259
3119,-0.09259259259259259
3120,-0.09259259259259259
3121,-0.09259259259259259
3122,-0.09259259259259259
3123,-0.09259259259259259
3124,-0.09259259259259259
3125,-0.09259259259259259
3126,-0.09259259259259259
3127,0.0
3128,0.0
3129,0.0
3130,0.0
3131,0.0
3132,0.0
3133,0.0
3134,0.0
3135,0.0
3136,0.0
3137,0.0
3138,0.0
3139,0.0
3140,0.0
3141,0.0
3142,0.0
3143,0.0
3144,0.0
3145,0.0
3146,0.0
3147,0.0
3148,0.0
3149,0.0
3150,-0.09259259259259259
3151,-0.09259259259259259
3152,-0.09259259259259259
3153,-0.09259259259259259
3154,-0.09259259259259259
3155,0.0
3156,-0.09259259259259259
3157,0.0
3158,0.0
3159,-0.09259259259259259
3160,0.0
3161,0.0
3162,0.0
3163,0.0
3164,-0.09259259259259259
3165,0.0
3166,-0.09259259259259259
3167,-0.09259259259259259
3168,-0.09259259259259259
3169,-0.09259259259259259
3170,0.0
3171,0.0
3172,0.0
3173,0.0
3174,0.0
3175,0.0
3176,0.0
3177,0.0
3178,-0.09259259259259259
3179,-0.09259259259259259
3180,-0.09259259259259259
3181,0.0
3182,0.0
3183,0.0
3184,0.0
3185,0.0
3186,0.0
3187,0.0
3188,-0.09259259259259259
3189,-0.09259259259259259
3190,-0.09259259259259259
3191,-0.09259259259259259
3192,-0.09259259259259259
3193,-0.09259259259259259
3194,-0.09259259259259259
3195,-0.09259259259259259
3196,-0.09259259259259259
3197,-0.09259259259259259
3198,-0.09259259259259264
3199,-0.09259259259259259
3200,-0.09259259259259259
3201,-0.09259259259259259
3202,-0.09259259259259259
3203,-0.09259259259259259
3204,-0.09259259259259259
3205,-0.09259259259259259
3206,-0.09259259259259259
3207,-0.09259259259259259
3208,-0.09259259259259259
3209,-0.09259259259259259
3210,-0.09259259259259259
3211,-0.09259259259259259
3212,-0.09259259259259259
3213,-0.09259259259259259
3214,-0.09259259259259259
3215,-0.09259259259259259
3216,-0.09259259259259259
3217,-0.09259259259259259
3218,-0.09259259259259259
3219,-0.09259259259259259
3220,-0.09259259259259259
3221,-0.09259259259259259
3222,-0.09259259259259259
3223,-0.09259259259259259
3224,-0.09259259259259259
3225,-0.09259259259259259
3226,-0.09259259259259259
3227,-0.09259259259259259
3228,-0.09259259259259259
3229,0.0
3230,-0.09259259259259259
3231,-0.09259259259259259
3232,-0.09259259259259259
3233,-0.09259259259259259
3234,-0.09259259259259259
3235,-0.09259259259259259
3236,-0.09259259259259259
3237,-0.09259259259259259
3238,-0.09259259259259259
3239,-0.09259259259259259
3240,0.0
3241,-0.09259259259259259
3242,-0.09259259259259264
3243,-0.09259259259259259
3244,-0.09259259259259259
3245,-0.09259259259259259
3246,-0.09259259259259259
3247,-0.09259259259259259
3248,-0.09259259259259259
3249,-0.09259259259259259
3250,-0.09259259259259259
3251,-0.09259259259259259
3252,-0.09259259259259259
3253,-0.09259259259259259
3254,-0.09259259259259259
3255,-0.09259259259259259
3256,-0.09259259259259259
3257,-0.09259259259259259
3258,-0.09259259259259259
3259,-0.09259259259259259
3260,-0.09259259259259259
3261,-0.09259259259259259
3262,-0.09259259259259259
3263,-0.09259259259259259
3264,-0.09259259259259259
3265,-0.09259259259259259
3266,-0.09259259259259259
3267,-0.09259259259259259
3268,-0.09259259259259259
3269,-0.09259259259259259
3270,-0.09259259259259259
3271,-0.09259259259259259
3272,-0.09259259259259259
3273,-0.09259259259259259
3274,-0.09259259259259259
3275,-0.09259259259259259
3276,-0.09259259259259259
3277,-0.09259259259259259
3278,-0.09259259259259259
3279,-0.09259259259259259
3280,-0.09259259259259259
3281,-0.09259259259259259
3282,-0.09259259259259259
3283,-0.09259259259259259
3284,-0.09259259259259259
3285,-0.09259259259259259
3286,-0.09259259259259259
3287,-0.09259259259259259
3288,-0.09259259259259259
3289,-0.09259259259259259
3290,-0.09259259259259259
3291,-0.09259259259259259
3292,-0.09259259259259259
3293,-0.09259259259259259
3294,-0.09259259259259259
3295,-0.09259259259259259
3296,-0.09259259259259259
3297,-0.09259259259259259
3298,-0.09259259259259259
3299,-0.09259259259259259
3300,-0.09259259259259259
3301,-0.09259259259259259
3302,-0.09259259259259259
3303,-0.09259259259259259
3304,-0.09259259259259259
3305,-0.09259259259259259
3306,-0.09259259259259259
3307,-0.09259259259259259
3308,-0.09259259259259259
3309,-0.09259259259259259
3310,-0.09259259259259259
3311,-0.09259259259259259
3312,0.0
3313,0.0
3314,1.3877787807814457e-17
3315,0.0
3316,0.0
3317,0.0
3318,0.0
3319,0.0
3320,0.0
3321,0.0
3322,0.0
3323,0.0
3324,0.0
3325,-0.09259259259259259
3326,-0.09259259259259259
3327,0.0
3328,-0.09259259259259259
3329,-0.09259259259259259
3330,0.0
3331,0.0
3332,-0.09259259259259259
3333,-0.09259259259259259
3334,-0.09259259259259259
3335,-0.09259259259259259
3336,0.0
3337,0.0
3338,-0.09259259259259259
3339,-0.09259259259259259
3340,0.0
3341,0.0
3342,0.0
3343,0.0
3344,0.0
3345,0.0
3346,0.0
3347,-0.09259259259259259
3348,-0.09259259259259259
3349,-0.09259259259259259
3350,-0.09259259259259259
3351,-0.09259259259259259
3352,-0.09259259259259259
3353,-0.09259259259259259
3354,-0.09259259259259259
3355,0.0
3356,-0.09259259259259259
3357,-0.09259259259259259
3358,-0.09259259259259259
3359,-0.09259259259259259
3360,-0.09259259259259259
3361,-0.09259259259259259
3362,-0.09259259259259259
3363,-0.09259259259259259
3364,-0.09259259259259259
3365,0.0
3366,-0.09259259259259259
3367,0.0
3368,-0.09259259259259259
3369,-0.09259259259259259
3370,0.0
3371,0.0
3372,0.0
3373,0.0
3374,0.0
3375,0.0
3376,0.0
3377,0.0
3378,0.0
3379,0.0
3380,0.0
3381,0.0
3382,0.0
3383,0.0
3384,0.0
3385,0.0
3386,0.0
3387,0.0
3388,0.0
3389,0.0
3390,0.0
3391,0.0
3392,0.0
3393,0.0
3394,0.0
3395,0.0
3396,0.0
3397,0.0
3398,0.0
3399,0.0
3400,0.0
3401,0.0
3402,0.0
3403,0.0
3404,0.0
3405,0.0
3406,0.0
3407,0.0
3408,0.0
3409,0.0
3410,0.0
3411,0.0
3412,0.0
3413,0.0
3414,0.0
3415,0.0
3416,0.0
3417,0.0
3418,0.0
3419,0.0
3420,0.0
3421,0.0
3422,0.0
3423,0.0
3424,0.0
3425,0.0
3426,0.0
3427,0.0
3428,-0.09259259259259259
3429,-0.09259259259259259
3430,-0.09259259259259259
3431,-0.09259259259259259
3432,-0.09259259259259259
3433,-0.09259259259259259
3434,-0.09259259259259259
3435,-0.09259259259259259
3436,-0.09259259259259259
3437,0.0
3438,-0.09259259259259259
3439,-0.09259259259259259
3440,-0.09259259259259259
3441,-0.09259259259259259
3442,-0.09259259259259259
3443,-0.09259259259259259
3444,-0.09259259259259259
3445,-0.09259259259259259
3446,-0.09259259259259259
3447,-0.09259259259259259
3448,-0.09259259259259259
3449,0.0
3450,0.0
3451,0.0
3452,-0.09259259259259259
3453,-0.09259259259259259
3454,-0.09259259259259259
3455,-0.09259259259259259
3456,-0.09259259259259259
3457,-0.09259259259259259
3458,-0.09259259259259259
3459,-0.09259259259259259
3460,-0.09259259259259259
3461,-0.09259259259259259
3462,-0.09259259259259259
3463,-0.09259259259259259
3464,-0.09259259259259259
3465,-0.09259259259259259
3466,-0.09259259259259259
3467,-0.09259259259259259
3468,-0.09259259259259259
3469,-0.09259259259259259
3470,0.0
3471,1.3877787807814457e-17
3472,0.0
3473,0.0
3474,0.0
3475,0.0
3476,0.0
3477,0.0
3478,-0.09259259259259259
3479,-0.09259259259259259
3480,-0.09259259259259259
3481,-0.09259259259259264
3482,-0.09259259259259259
3483,-0.09259259259259259
3484,-0.09259259259259259
3485,-0.09259259259259259
3486,-0.09259259259259259
3487,-0.09259259259259259
3488,-0.09259259259259259
3489,-0.09259259259259259
3490,-0.09259259259259259
3491,-0.09259259259259259
3492,-0.09259259259259259
3493,-0.09259259259259259
3494,-0.09259259259259259
3495,-0.09259259259259259
3496,-0.09259259259259259
3497,-0.09259259259259259
3498,-0.09259259259259259
3499,-0.09259259259259259
3500,-0.09259259259259259
3501,-0.09259259259259259
3502,-0.09259259259259259
3503,-0.09259259259259259
3504,-0.09259259259259259
3505,-0.09259259259259259
3506,-0.09259259259259259
3507,-0.09259259259259259
3508,-0.09259259259259259
3509,-0.09259259259259259
3510,-0.09259259259259259
3511,-0.09259259259259259
3512,-0.09259259259259259
3513,-0.09259259259259259
3514,-0.09259259259259259
3515,-0.09259259259259259
3516,-0.09259259259259259
3517,-0.09259259259259259
3518,-0.09259259259259259
3519,-0.09259259259259259
3520,-0.09259259259259259
3521,0.0
3522,-0.09259259259259259
3523,-0.09259259259259259
3524,-0.09259259259259259
3525,-0.09259259259259259
3526,-0.09259259259259259
3527,-0.09259259259259259
3528,-0.09259259259259259
3529,-0.09259259259259259
3530,-0.09259259259259259
3531,-0.09259259259259259
3532,-0.09259259259259259
3533,-0.09259259259259259
3534,-0.09259259259259259
3535,-0.09259259259259259
3536,-0.09259259259259259
3537,-0.09259259259259259
3538,-0.09259259259259259
3539,-0.09259259259259259
3540,-0.09259259259259259
3541,-0.09259259259259259
3542,-0.09259259259259259
3543,-0.09259259259259259
3544,-0.09259259259259259
3545,-0.09259259259259259
3546,-0.09259259259259259
3547,-0.09259259259259259
3548,-0.09259259259259259
3549,-0.09259259259259259
3550,-0.09259259259259259
3551,-0.09259259259259259
3552,-0.09259259259259259
3553,-0.09259259259259259
3554,-0.09259259259259259
3555,-0.09259259259259259
3556,0.0
3557,1.3877787807814457e-17
3558,0.0
3559,0.0
3560,0.0
3561,0.0
3562,0.0
3563,0.0
3564,0.0
3565,0.0
3566,0.0
3567,0.0
3568,0.0
3569,0.0
3570,0.0
3571,0.0
3572,0.0
3573,0.0
3574,0.0
3575,0.0
3576,0.0
3577,0.0
3578,0.0
3579,0.0
3580,0.0
3581,0.0
3582,0.0
3583,0.0
3584,0.0
3585,0.0
3586,0.0
3587,0.0
3588,0.0
3589,0.0
3590,-0.09259259259259259
3591,-0.09259259259259259
3592,-0.09259259259259259
3593,-0.09259259259259259
3594,-0.09259259259259259
3595,-0.09259259259259259
3596,-0.09259259259259259
3597,-0.09259259259259259
3598,-0.09259259259259259
3599,-0.09259259259259259
3600,-0.09259259259259259
3601,-0.09259259259259259
3602,-0.09259259259259259
3603,-0.09259259259259259
3604,-0.09259259259259259
3605,-0.09259259259259259
3606,-0.09259259259259259
3607,-0.09259259259259259
3608,-0.09259259259259259
3609,-0.09259259259259259
3610,-0.09259259259259259
3611,-0.09259259259259259
3612,-0.09259259259259259
3613,-0.09259259259259259
3614,-0.09259259259259259
3615,-0.09259259259259259
3616,-0.09259259259259259
3617,-0.09259259259259259
3618,-0.09259259259259259
3619,-0.09259259259259259
3620,-0.09259259259259259
3621,-0.09259259259259259
3622,-0.09259259259259259
3623,-0.09259259259259259
3624,-0.09259259259259259
3625,-0.09259259259259259
3626,-0.09259259259259259
3627,-0.09259259259259259
3628,-0.09259259259259259
3629,-0.09259259259259259
3630,-0.09259259259259259
3631,-0.09259259259259259
3632,-0.09259259259259259
3633,0.0
3634,0.0
3635,0.0
3636,0.0
3637,-0.09259259259259259
3638,-0.09259259259259259
3639,0.0
3640,0.0
3641,0.0
3642,0.0
3643,0.0
3644,0.0
3645,0.0
3646,-0.09259259259259259
3647,-0.09259259259259259
3648,-0.09259259259259259
3649,-0.09259259259259259
3650,-0.09259259259259259
3651,-0.09259259259259259
3652,-0.09259259259259259
3653,-0.09259259259259259
3654,-0.09259259259259259
3655,-0.09259259259259259
3656,-0.09259259259259259
3657,-0.09259259259259259
3658,-0.09259259259259259
3659,0.0
3660,-0.09259259259259259
3661,-0.09259259259259259
3662,0.0
3663,0.0
3664,0.0
3665,0.0
3666,0.0
3667,0.0
3668,0.0
3669,0.0
3670,-0.09259259259259259
3671,0.0
3672,0.0
3673,-0.09259259259259259
3674,-0.09259259259259259
3675,0.0
3676,-0.09259259259259259
3677,0.0
3678,0.0
3679,-0.09259259259259259
3680,0.0
3681,0.0
3682,0.0
3683,0.0
3684,0.0
3685,-0.09259259259259259
3686,0.0
3687,0.0
3688,0.0
3689,0.0
3690,0.0
3691,0.0
3692,0.0
3693,0.0
3694,0.0
3695,0.0
3696,0.0
3697,0.0
3698,0.0
3699,0.0
3700,0.0
3701,0.0
3702,0.0
3703,0.0
3704,0.0
3705,0.0
3706,0.0
3707,0.0
3708,-0.09259259259259259
3709,-0.09259259259259259
3710,0.0
3711,0.0
3712,0.0
3713,0.0
3714,0.0
3715,0.0
3716,0.0
3717,0.0
3718,0.0
3719,0.0
3720,0.0
3721,0.0
3722,0.0
3723,0.0
3724,0.0
3725,0.0
3726,0.0
3727,6.938893903907228e-18
3728,0.0
3729,0.0
3730,0.0
3731,0.0
3732,0.0
3733,0.0
3734,0.0
3735,0.0
3736,0.0
3737,-0.09259259259259259
3738,-0.09259259259259259
3739,-0.09259259259259259
3740,-0.09259259259259259
3741,-0.09259259259259259
3742,-0.09259259259259259
3743,-0.09259259259259259
3744,-0.09259259259259259
3745,-0.09259259259259259
3746,-0.09259259259259259
3747,-0.09259259259259259
3748,-0.09259259259259259
3749,-0.09259259259259259
3750,0.0
3751,0.0
3752,0.0
3753,0.0
3754,-0.09259259259259259
3755,-0.09259259259259259
3756,0.0
3757,-0.09259259259259259
3758,0.0
3759,0.0
3760,0.0
3761,0.0
3762,0.0
3763,0.0
3764,0.0
3765,0.0
3766,0.0
3767,1.3877787807814457e-17
3768,0.0
3769,0.0
3770,0.0
3771,0.0
3772,0.0
3773,0.0
3774,0.0
3775,0.0
3776,0.0
3777,0.0
3778,-0.09259259259259259
3779,-0.09259259259259259
3780,-0.09259259259259259
3781,-0.09259259259259259
3782,-0.09259259259259259
3783,-0.09259259259259259
3784,-0.09259259259259259
3785,-0.09259259259259259
3786,-0.09259259259259259
3787,-0.09259259259259259
3788,-0.09259259259259259
3789,-0.09259259259259259
3790,-0.09259259259259259
3791,-0.09259259259259259
3792,-0.09259259259259259
3793,-0.09259259259259259
3794,-0.09259259259259259
3795,-0.09259259259259259
3796,-0.09259259259259259
3797,-0.09259259259259259
3798,-0.09259259259259259
3799,-0.09259259259259259
3800,-0.09259259259259259
3801,-0.09259259259259259
3802,-0.09259259259259259
3803,-0.09259259259259259
3804,-0.09259259259259259
3805,-0.09259259259259259
3806,-0.09259259259259259
3807,-0.09259259259259259
3808,-0.09259259259259259
3809,-0.09259259259259259
3810,-0.09259259259259259
3811,-0.09259259259259259
3812,-0.09259259259259259
3813,-0.09259259259259259
3814,0.0
3815,-0.09259259259259259
3816,-0.09259259259259259
3817,-0.09259259259259259
3818,-0.09259259259259259
3819,-0.09259259259259259
3820,-0.09259259259259259
3821,-0.09259259259259259
3822,-0.09259259259259259
3823,-0.09259259259259259
3824,-0.09259259259259259
3825,-0.09259259259259259
3826,0.0
3827,0.0
3828,-0.09259259259259259
3829,0.0
3830,-0.09259259259259259
3831,0.0
3832,-0.09259259259259259
3833,0.0
3834,-0.09259259259259259
3835,-0.09259259259259259
3836,-0.09259259259259259
3837,-0.09259259259259259
3838,-0.09259259259259259
3839,-0.09259259259259259
3840,-0.09259259259259259
3841,-0.09259259259259259
3842,-0.09259259259259259
3843,0.0
3844,-0.09259259259259259
3845,0.0
3846,-0.09259259259259259
3847,-0.09259259259259259
3848,-0.09259259259259259
3849,-0.09259259259259259
3850,-0.09259259259259259
3851,0.0
3852,-0.09259259259259259
3853,0.0
3854,0.0
3855,0.0
3856,0.0
3857,-0.09259259259259259
3858,-0.09259259259259259
3859,-0.09259259259259259
3860,-0.09259259259259259
3861,0.0
3862,0.0
3863,0.0
3864,0.0
3865,0.0
3866,0.0
3867,0.0
3868,0.0
3869,-0.09259259259259259
3870,0.0
3871,-0.09259259259259259
3872,0.0
3873,0.0
3874,0.0
3875,0.0
3876,0.0
3877,0.0
3878,0.0
3879,0.0
3880,0.0
3881,-0.09259259259259259
3882,-0.09259259259259259
3883,0.0
3884,0.0
3885,0.0
3886,0.0
3887,0.0
3888,0.0
3889,0.0
3890,0.0
3891,0.0
3892,0.0
3893,0.0
3894,0.0
3895,0.0
3896,0.0
3897,0.0
3898,0.0
3899,0.0
3900,0.0
3901,0.0
3902,0.0
3903,0.0
3904,0.0
3905,0.0
3906,0.0
3907,0.0
3908,0.0
3909,0.0
3910,0.0
3911,0.0
3912,0.0
3913,0.0
3914,0.0
3915,0.0
3916,0.0
3917,0.0
3918,0.0
3919,0.0
3920,0.0
3921,0.0
3922,0.0
3923,0.0
3924,0.0
3925,0.0
3926,0.0
3927,0.0
3928,0.0
3929,0.0
3930,0.0
3931,0.0
3932,0.0
3933,0.0
3934,0.0
3935,0.0
3936,0.0
3937,0.0
3938,0.0
3939,0.0
3940,0.0
3941,0.0
3942,0.0
3943,0.0
3944,0.0
3945,0.0
3946,0.0
3947,0.0
3948,0.0
3949,0.0
3950,0.0
3951,0.0
3952,0.0
3953,1.3877787807814457e-17
3954,0.0
3955,0.0
3956,0.0
3957,0.0
3958,-0.09259259259259259
3959,-0.09259259259259259
3960,0.0
3961,0.0
3962,0.0
3963,-0.09259259259259259
3964,-0.09259259259259259
3965,0.0
3966,0.0
3967,0.0
3968,1.3877787807814457e-17
3969,0.0
3970,0.0
3971,0.0
3972,0.0
3973,0.0
3974,0.0
3975,0.0
3976,0.0
3977,0.0
3978,0.0
3979,0.0
3980,0.0
3981,0.0
3982,0.0
3983,0.0
3984,0.0
3985,0.0
3986,0.0
3987,-0.09259259259259259
3988,0.0
3989,-0.09259259259259259
3990,-0.09259259259259259
3991,-0.09259259259259259
3992,0.0
3993,0.0
3994,0.0
3995,-0.09259259259259259
3996,0.0
3997,0.0
3998,0.0
3999,0.0
4000,-0.09259259259259259
4001,-0.09259259259259259
4002,-0.09259259259259259
4003,-0.09259259259259259
4004,0.0
4005,0.0
4006,0.0
4007,0.0
4008,0.0
4009,0.0
4010,0.0
4011,0.0
4012,0.0
4013,-0.09259259259259259
4014,0.0
4015,0.0
4016,0.0
4017,0.0
4018,0.0
4019,0.0
4020,0.0
4021,0.0
4022,0.0
4023,0.0
4024,-0.09259259259259259
4025,0.0
4026,-0.09259259259259259
4027,0.0
4028,0.0
4029,0.0
4030,0.0
4031,0.0
4032,0.0
4033,0.0
4034,0.0
4035,0.0
4036,0.0
4037,0.0
4038,0.0
4039,0.0
4040,0.0
4041,0.0
4042,0.0
4043,0.0
4044,0.0
4045,0.0
4046,0.0
4047,0.0
4048,-0.09259259259259259
4049,0.0
4050,0.0
4051,0.0
4052,0.0
4053,0.0
4054,0.0
4055,0.0
4056,0.0
4057,0.0
4058,0.0
4059,0.0
4060,0.0
4061,0.0
4062,0.0
4063,0.0
4064,0.0
4065,0.0
4066,0.0
4067,0.0
4068,0.0
4069,0.0
4070,0.0
4071,0.0
4072,0.0
4073,0.0
4074,0.0
4075,0.0
4076,0.0
4077,0.0
4078,0.0
4079,0.0
4080,0.0
4081,0.0
4082,0.0
4083,0.0
4084,6.938893903907228e-18
4085,0.0
4086,0.0
4087,0.0
4088,0.0
4089,0.0
4090,0.0
4091,0.0
4092,0.0
4093,0.0
4094,-0.09259259259259259
4095,0.0
4096,-0.09259259259259259
4097,-0.09259259259259259
4098,0.0
4099,0.0
4100,0.0
4101,0.0
4102,0.0
4103,0.0
4104,-0.09259259259259259
4105,0.0
4106,0.0
4107,0.0
4108,0.0
4109,1.3877787807814457e-17
4110,0.0
4111,0.0
4112,0.0
4113,0.0
4114,0.0
4115,-0.09259259259259259
4116,-0.09259259259259259
4117,-0.09259259259259259
4118,-0.09259259259259259
4119,-0.09259259259259259
4120,-0.09259259259259259
4121,-0.09259259259259259
4122,-0.09259259259259259
4123,-0.09259259259259259
4124,-0.09259259259259259
4125,-0.09259259259259259
4126,-0.09259259259259259
4127,-0.09259259259259259
4128,-0.09259259259259259
4129,-0.09259259259259259
4130,-0.09259259259259259
4131,-0.09259259259259259
4132,-0.09259259259259259
4133,-0.09259259259259259
4134,-0.09259259259259259
4135,-0.09259259259259259
4136,-0.09259259259259259
4137,-0.09259259259259259
4138,-0.09259259259259259
4139,-0.09259259259259259
4140,-0.09259259259259259
4141,-0.09259259259259259
4142,-0.09259259259259259
4143,-0.09259259259259259
4144,-0.09259259259259259
4145,-0.09259259259259259
4146,-0.09259259259259259
4147,-0.09259259259259259
4148,-0.09259259259259259
4149,-0.09259259259259259
4150,-0.09259259259259259
4151,-0.09259259259259259
4152,-0.09259259259259259
4153,-0.09259259259259259
4154,-0.09259259259259259
4155,-0.09259259259259259
4156,0.0
4157,-0.09259259259259259
4158,-0.09259259259259259
4159,-0.09259259259259259
4160,0.0
4161,-0.09259259259259259
4162,0.0
4163,0.0
4164,0.0
4165,0.0
4166,0.0
4167,0.0
4168,0.0
4169,0.0
4170,0.0
4171,0.0
4172,0.0
4173,0.0
4174,0.0
4175,0.0
4176,0.0
4177,0.0
4178,0.0
4179,0.0
4180,0.0
4181,0.0
4182,0.0
4183,0.0
4184,0.0
4185,0.0
4186,0.0
4187,0.0
4188,0.0
4189,0.0
4190,0.0
4191,0.0
4192,0.0
4193,0.0
4194,0.0
4195,0.0
4196,0.0
4197,0.0
4198,0.0
4199,0.0
4200,0.0
4201,0.0
4202,0.0
4203,0.0
4204,0.0
4205,0.0
4206,0.0
4207,0.0
4208,0.0
4209,0.0
4210,0.0
4211,0.0
4212,0.0
4213,0.0
4214,0.0
4215,0.0
4216,0.0
4217,0.0
4218,0.0
4219,0.0
4220,0.0
4221,0.0
4222,0.0
4223,0.0
4224,0.0
4225,0.0
4226,0.0
4227,0.0
4228,0.0
4229,0.0
4230,0.0
4231,0.0
4232,0.0
4233,0.0
4234,0.0
4235,0.0
4236,0.0
4237,0.0
4238,0.0
4239,0.0
4240,0.0
4241,0.0
4242,0.0
4243,0.0
4244,0.0
4245,0.0
4246,0.0
4247,0.0
4248,0.0
4249,0.0
4250,0.0
4251,0.0
4252,0.0
4253,0.0
4254,0.0
4255,0.0
4256,0.0
4257,0.0
4258,0.0
4259,0.0
4260,0.0
4261,0.0
4262,0.0
4263,0.0
4264,0.0
4265,0.0
4266,0.0
4267,0.0
4268,0.0
4269,0.0
4270,0.0
4271,6.938893903907228e-18
4272,0.0
4273,0.0
4274,0.0
4275,0.0
4276,0.0
4277,0.0
4278,0.0
4279,0.0
